account_id,contact_name,email,phone
ACC-344,Karen Martin,karen.martin@example.com,+44 7209 725515
ACC-266,Emma Moore,emma.moore@example.com,+44 7980 301966
ACC-065,Felix Wilson,felix.wilson@example.com,+44 7619 387659
ACC-234,Karen Moore,karen.moore@example.com,+44 7291 912619
ACC-103,Hugo Moore,hugo.moore@example.com,+44 7507 498375
ACC-331,Olivia Wilson,olivia.wilson@example.com,+44 7566 808483
ACC-035,Emma Anderson,emma.anderson@example.com,+44 7148 101759
ACC-227,Maya Smith,maya.smith@example.com,+44 7907 261460
ACC-333,Iris Johnson,iris.johnson@example.com,+44 7587 100179
ACC-171,Grace Harris,grace.harris@example.com,+44 7244 846370
ACC-164,Leo Taylor,leo.taylor@example.com,+44 7201 130550
ACC-220,Grace Johnson,grace.johnson@example.com,+44 7572 809574
ACC-312,Quinn Miller,quinn.miller@example.com,+44 7228 303174
ACC-261,Paul Jackson,paul.jackson@example.com,+44 7841 534763
ACC-113,Grace Miller,grace.miller@example.com,+44 7813 884066
ACC-074,Olivia Harris,olivia.harris@example.com,+44 7476 292465
ACC-231,Rosa Lee,rosa.lee@example.com,+44 7928 536151
ACC-046,Rosa Lee,rosa.lee@example.com,+44 7800 276765
ACC-205,Rosa Lee,rosa.lee@example.com,+44 7566 244511
ACC-251,Jack Brown,jack.brown@example.com,+44 7284 866057
ACC-047,Maya Miller,maya.miller@example.com,+44 7743 375463
ACC-088,Sam Moore,sam.moore@example.com,+44 7771 837541
ACC-189,Felix Williams,felix.williams@example.com,+44 7975 503024
ACC-271,Nick Jackson,nick.jackson@example.com,+44 7166 705963
ACC-124,Emma Williams,emma.williams@example.com,+44 7428 843711
ACC-059,Paul White,paul.white@example.com,+44 7258 935391
ACC-235,Diana Thomas,diana.thomas@example.com,+44 7775 252247
ACC-050,Nick Taylor,nick.taylor@example.com,+44 7195 347829
ACC-086,Diana Brown,diana.brown@example.com,+44 7401 513202
ACC-138,Karen White,karen.white@example.com,+44 7806 532706
ACC-303,Olivia Clark,olivia.clark@example.com,+44 7843 885318
ACC-252,Iris Jackson,iris.jackson@example.com,+44 7993 993945
ACC-193,Karen Jones,karen.jones@example.com,+44 7699 616209
ACC-343,Sam Miller,sam.miller@example.com,+44 7308 585459
ACC-150,Iris Thomas,iris.thomas@example.com,+44 7531 113388
ACC-267,Karen Johnson,karen.johnson@example.com,+44 7929 651675
ACC-329,Sam Johnson,sam.johnson@example.com,+44 7528 480384
ACC-194,Jack Anderson,jack.anderson@example.com,+44 7283 825530
ACC-320,Hugo Johnson,hugo.johnson@example.com,+44 7425 327948
ACC-242,Jack Harris,jack.harris@example.com,+44 7308 568227
ACC-109,Diana Williams,diana.williams@example.com,+44 7903 571716
ACC-161,Sam Davis,sam.davis@example.com,+44 7925 266533
ACC-269,Tina Clark,tina.clark@example.com,+44 7453 427578
ACC-104,Alice Harris,alice.harris@example.com,+44 7317 708621
ACC-302,Olivia Jones,olivia.jones@example.com,+44 7873 915874
ACC-184,Alice Jones,alice.jones@example.com,+44 7395 436922
ACC-273,Iris White,iris.white@example.com,+44 7700 912923
ACC-308,Diana Moore,diana.moore@example.com,+44 7620 305507
ACC-033,Sam Taylor,sam.taylor@example.com,+44 7853 733423
ACC-013,Tina Moore,tina.moore@example.com,+44 7165 685392
ACC-099,Grace Garcia,grace.garcia@example.com,+44 7692 444981
ACC-040,Olivia Lee,olivia.lee@example.com,+44 7956 786133
ACC-295,Jack Thompson,jack.thompson@example.com,+44 7676 179629
ACC-011,Leo Clark,leo.clark@example.com,+44 7226 947085
ACC-178,Carlos Jackson,carlos.jackson@example.com,+44 7864 955297
ACC-102,Quinn Wilson,quinn.wilson@example.com,+44 7306 858006
ACC-100,Carlos Garcia,carlos.garcia@example.com,+44 7722 933830
ACC-246,Emma Lee,emma.lee@example.com,+44 7910 138693
ACC-236,Rosa Lee,rosa.lee@example.com,+44 7756 634184
ACC-213,Diana Smith,diana.smith@example.com,+44 7476 431399
ACC-002,Rosa Clark,rosa.clark@example.com,+44 7687 304619
ACC-223,Olivia Wilson,olivia.wilson@example.com,+44 7299 434526
ACC-176,Olivia Williams,olivia.williams@example.com,+44 7937 733929
ACC-064,Alice Miller,alice.miller@example.com,+44 7344 195389
ACC-226,Sam Brown,sam.brown@example.com,+44 7297 783083
ACC-185,Nick Jackson,nick.jackson@example.com,+44 7213 586828
ACC-287,Iris Davis,iris.davis@example.com,+44 7501 590601
ACC-198,Maya Garcia,maya.garcia@example.com,+44 7763 999548
ACC-222,Carlos Thomas,carlos.thomas@example.com,+44 7969 282132
ACC-297,Olivia Brown,olivia.brown@example.com,+44 7191 884659
ACC-079,Tina Miller,tina.miller@example.com,+44 7140 616497
ACC-323,Paul Taylor,paul.taylor@example.com,+44 7611 727284
ACC-191,Felix Taylor,felix.taylor@example.com,+44 7653 254525
ACC-215,Nick Johnson,nick.johnson@example.com,+44 7721 298427
ACC-179,Tina Brown,tina.brown@example.com,+44 7773 427795
ACC-003,Grace Smith,grace.smith@example.com,+44 7435 234912
ACC-069,Emma Brown,emma.brown@example.com,+44 7276 980591
ACC-219,Olivia Wilson,olivia.wilson@example.com,+44 7980 179932
ACC-230,Maya Taylor,maya.taylor@example.com,+44 7934 358994
ACC-209,Rosa Davis,rosa.davis@example.com,+44 7573 488016
ACC-163,Karen Davis,karen.davis@example.com,+44 7174 252926
ACC-041,Felix Jackson,felix.jackson@example.com,+44 7587 857165
ACC-245,Paul Taylor,paul.taylor@example.com,+44 7842 931844
ACC-054,Maya Brown,maya.brown@example.com,+44 7802 576218
ACC-319,Paul Garcia,paul.garcia@example.com,+44 7937 506050
ACC-201,Rosa Lee,rosa.lee@example.com,+44 7105 976606
ACC-318,Jack Jones,jack.jones@example.com,+44 7120 743968
ACC-101,Iris Davis,iris.davis@example.com,+44 7467 376371
ACC-016,Carlos Anderson,carlos.anderson@example.com,+44 7113 163607
ACC-154,Iris Miller,iris.miller@example.com,+44 7482 644404
ACC-092,Iris Anderson,iris.anderson@example.com,+44 7352 286546
ACC-232,Leo Taylor,leo.taylor@example.com,+44 7686 631546
ACC-167,Bob Lee,bob.lee@example.com,+44 7691 954384
ACC-216,Bob Martin,bob.martin@example.com,+44 7545 628325
ACC-325,Diana Martin,diana.martin@example.com,+44 7820 347766
ACC-327,Karen Thomas,karen.thomas@example.com,+44 7950 776939
ACC-020,Rosa Anderson,rosa.anderson@example.com,+44 7407 455133
ACC-022,Karen Smith,karen.smith@example.com,+44 7898 849489
ACC-338,Diana Davis,diana.davis@example.com,+44 7453 465114
ACC-214,Felix Anderson,felix.anderson@example.com,+44 7764 827855
ACC-260,Tina White,tina.white@example.com,+44 7825 258498
ACC-257,Jack Garcia,jack.garcia@example.com,+44 7219 688418
ACC-136,Olivia Williams,olivia.williams@example.com,+44 7551 297766
ACC-106,Sam Garcia,sam.garcia@example.com,+44 7881 574784
ACC-282,Bob Williams,bob.williams@example.com,+44 7677 555768
ACC-001,Paul Garcia,paul.garcia@example.com,+44 7631 759030
ACC-304,Emma Moore,emma.moore@example.com,+44 7745 621786
ACC-238,Leo Lee,leo.lee@example.com,+44 7257 202796
ACC-224,Jack Davis,jack.davis@example.com,+44 7721 822502
ACC-165,Maya Lee,maya.lee@example.com,+44 7693 397387
ACC-159,Grace Anderson,grace.anderson@example.com,+44 7812 571211
ACC-142,Leo Thomas,leo.thomas@example.com,+44 7489 194675
ACC-111,Bob Martin,bob.martin@example.com,+44 7591 715786
ACC-183,Sam Garcia,sam.garcia@example.com,+44 7284 682800
ACC-114,Carlos Davis,carlos.davis@example.com,+44 7393 837086
ACC-061,Bob Miller,bob.miller@example.com,+44 7545 832572
ACC-045,Paul Garcia,paul.garcia@example.com,+44 7764 761031
ACC-166,Nick Martin,nick.martin@example.com,+44 7862 104325
ACC-262,Emma Moore,emma.moore@example.com,+44 7340 358959
ACC-032,Iris Clark,iris.clark@example.com,+44 7207 197016
ACC-155,Diana Taylor,diana.taylor@example.com,+44 7341 652251
ACC-107,Rosa Williams,rosa.williams@example.com,+44 7497 139170
ACC-300,Jack Jones,jack.jones@example.com,+44 7363 382743
ACC-285,Jack Wilson,jack.wilson@example.com,+44 7189 313921
ACC-007,Nick Martin,nick.martin@example.com,+44 7434 116100
ACC-192,Rosa Davis,rosa.davis@example.com,+44 7608 298049
ACC-148,Bob Wilson,bob.wilson@example.com,+44 7828 251950
ACC-341,Jack Lee,jack.lee@example.com,+44 7243 701528
ACC-211,Jack Taylor,jack.taylor@example.com,+44 7156 890441
ACC-116,Alice Clark,alice.clark@example.com,+44 7876 267484
ACC-307,Grace Smith,grace.smith@example.com,+44 7923 953899
ACC-081,Tina Williams,tina.williams@example.com,+44 7525 254601
ACC-170,Diana Wilson,diana.wilson@example.com,+44 7171 249996
ACC-187,Bob Johnson,bob.johnson@example.com,+44 7671 735781
ACC-186,Leo Jones,leo.jones@example.com,+44 7357 811843
ACC-314,Sam Martin,sam.martin@example.com,+44 7702 497953
ACC-031,Iris Anderson,iris.anderson@example.com,+44 7498 773464
ACC-030,Rosa Lee,rosa.lee@example.com,+44 7868 498364
ACC-169,Nick Moore,nick.moore@example.com,+44 7303 106635
ACC-172,Emma Moore,emma.moore@example.com,+44 7913 648595
ACC-123,Paul Williams,paul.williams@example.com,+44 7890 228991
ACC-195,Maya Johnson,maya.johnson@example.com,+44 7907 391873
ACC-311,Maya Lee,maya.lee@example.com,+44 7826 249839
ACC-241,Paul Anderson,paul.anderson@example.com,+44 7523 153593
ACC-334,Olivia Brown,olivia.brown@example.com,+44 7577 250009
ACC-110,Maya White,maya.white@example.com,+44 7403 648775
ACC-012,Alice Miller,alice.miller@example.com,+44 7885 191768
ACC-283,Sam Thomas,sam.thomas@example.com,+44 7438 151098
ACC-098,Karen Thomas,karen.thomas@example.com,+44 7982 434381
ACC-254,Olivia Garcia,olivia.garcia@example.com,+44 7505 493328
ACC-112,Bob Thomas,bob.thomas@example.com,+44 7327 111766
ACC-207,Iris Brown,iris.brown@example.com,+44 7707 838255
ACC-139,Rosa Martin,rosa.martin@example.com,+44 7303 937967
ACC-301,Nick Davis,nick.davis@example.com,+44 7625 712176
ACC-332,Maya Harris,maya.harris@example.com,+44 7635 945013
ACC-290,Felix Garcia,felix.garcia@example.com,+44 7737 130482
ACC-034,Bob Wilson,bob.wilson@example.com,+44 7624 379000
ACC-253,Hugo Jackson,hugo.jackson@example.com,+44 7653 209772
ACC-239,Carlos Jones,carlos.jones@example.com,+44 7598 680958
ACC-259,Grace Williams,grace.williams@example.com,+44 7429 452217
ACC-276,Sam White,sam.white@example.com,+44 7853 674464
ACC-249,Paul Moore,paul.moore@example.com,+44 7266 546829
ACC-292,Hugo Williams,hugo.williams@example.com,+44 7515 789397
ACC-019,Nick Moore,nick.moore@example.com,+44 7125 438937
ACC-335,Grace Lee,grace.lee@example.com,+44 7639 899024
ACC-051,Olivia Brown,olivia.brown@example.com,+44 7260 456236
ACC-082,Nick Smith,nick.smith@example.com,+44 7368 932250
ACC-118,Hugo Garcia,hugo.garcia@example.com,+44 7336 936434
ACC-137,Rosa Lee,rosa.lee@example.com,+44 7359 611510
ACC-229,Bob Lee,bob.lee@example.com,+44 7496 391256
ACC-004,Rosa Thomas,rosa.thomas@example.com,+44 7205 953756
ACC-008,Rosa Lee,rosa.lee@example.com,+44 7576 950090
ACC-160,Olivia Williams,olivia.williams@example.com,+44 7634 695882
ACC-087,Felix Wilson,felix.wilson@example.com,+44 7597 912268
ACC-132,Felix Thompson,felix.thompson@example.com,+44 7699 902049
ACC-038,Carlos Clark,carlos.clark@example.com,+44 7486 342223
ACC-330,Felix Harris,felix.harris@example.com,+44 7470 294505
ACC-278,Carlos Thomas,carlos.thomas@example.com,+44 7153 268353
ACC-149,Bob Smith,bob.smith@example.com,+44 7620 358456
ACC-018,Carlos Miller,carlos.miller@example.com,+44 7633 461303
ACC-162,Hugo Miller,hugo.miller@example.com,+44 7319 529304
ACC-131,Olivia Thomas,olivia.thomas@example.com,+44 7623 779860
ACC-218,Olivia Garcia,olivia.garcia@example.com,+44 7840 932107
ACC-073,Iris Jones,iris.jones@example.com,+44 7141 100206
ACC-288,Hugo Thompson,hugo.thompson@example.com,+44 7494 312928
ACC-147,Carlos Wilson,carlos.wilson@example.com,+44 7612 399117
ACC-274,Iris Martin,iris.martin@example.com,+44 7813 303719
ACC-270,Leo Davis,leo.davis@example.com,+44 7500 920106
ACC-143,Iris Jones,iris.jones@example.com,+44 7982 511894
ACC-322,Grace Lee,grace.lee@example.com,+44 7721 213709
ACC-005,Leo Anderson,leo.anderson@example.com,+44 7602 464315
ACC-250,Iris Johnson,iris.johnson@example.com,+44 7547 101223
ACC-094,Iris Taylor,iris.taylor@example.com,+44 7652 775860
ACC-141,Alice White,alice.white@example.com,+44 7870 248709
ACC-146,Hugo Smith,hugo.smith@example.com,+44 7831 461214
ACC-083,Leo Harris,leo.harris@example.com,+44 7266 262347
ACC-174,Iris Jackson,iris.jackson@example.com,+44 7366 849559
ACC-158,Nick Garcia,nick.garcia@example.com,+44 7105 229516
ACC-199,Maya Lee,maya.lee@example.com,+44 7766 978045
ACC-337,Jack Jones,jack.jones@example.com,+44 7496 651231
ACC-144,Alice Smith,alice.smith@example.com,+44 7837 168065
ACC-293,Tina Anderson,tina.anderson@example.com,+44 7795 694098
ACC-015,Diana Williams,diana.williams@example.com,+44 7189 595211
ACC-151,Paul Lee,paul.lee@example.com,+44 7427 796772
ACC-066,Diana Williams,diana.williams@example.com,+44 7817 482915
ACC-062,Rosa Lee,rosa.lee@example.com,+44 7737 472117
ACC-317,Sam Martin,sam.martin@example.com,+44 7337 227719
ACC-129,Rosa Moore,rosa.moore@example.com,+44 7573 590754
ACC-168,Olivia Jackson,olivia.jackson@example.com,+44 7883 425964
ACC-196,Tina Thompson,tina.thompson@example.com,+44 7941 270520
ACC-156,Iris Johnson,iris.johnson@example.com,+44 7998 746664
ACC-221,Iris Miller,iris.miller@example.com,+44 7536 858341
ACC-093,Diana Jackson,diana.jackson@example.com,+44 7734 912044
ACC-014,Paul Anderson,paul.anderson@example.com,+44 7989 346861
ACC-068,Hugo Thompson,hugo.thompson@example.com,+44 7141 289849
ACC-202,Diana Brown,diana.brown@example.com,+44 7477 505808
ACC-053,Sam Miller,sam.miller@example.com,+44 7215 620923
ACC-280,Paul Davis,paul.davis@example.com,+44 7895 796213
ACC-130,Iris Lee,iris.lee@example.com,+44 7925 907646
ACC-027,Iris White,iris.white@example.com,+44 7806 250331
ACC-057,Emma Thomas,emma.thomas@example.com,+44 7384 417173
ACC-052,Karen Wilson,karen.wilson@example.com,+44 7688 822889
ACC-175,Sam Taylor,sam.taylor@example.com,+44 7615 903310
ACC-105,Emma Thomas,emma.thomas@example.com,+44 7963 356331
ACC-286,Carlos Martin,carlos.martin@example.com,+44 7960 830200
ACC-256,Jack Brown,jack.brown@example.com,+44 7413 367308
ACC-204,Alice Brown,alice.brown@example.com,+44 7924 792332
ACC-315,Diana Martin,diana.martin@example.com,+44 7525 154957
ACC-197,Alice Jones,alice.jones@example.com,+44 7966 896216
ACC-299,Paul Thompson,paul.thompson@example.com,+44 7492 482832
ACC-264,Leo Jackson,leo.jackson@example.com,+44 7514 362507
ACC-181,Sam Clark,sam.clark@example.com,+44 7957 258541
ACC-173,Maya Jones,maya.jones@example.com,+44 7606 376507
ACC-075,Alice Martin,alice.martin@example.com,+44 7170 522530
ACC-321,Leo Thomas,leo.thomas@example.com,+44 7742 739277
ACC-296,Iris Martin,iris.martin@example.com,+44 7360 923461
ACC-281,Nick Anderson,nick.anderson@example.com,+44 7485 536165
ACC-140,Jack Williams,jack.williams@example.com,+44 7325 641507
ACC-182,Rosa Williams,rosa.williams@example.com,+44 7827 459181
ACC-217,Sam Garcia,sam.garcia@example.com,+44 7288 631952
ACC-310,Iris Davis,iris.davis@example.com,+44 7180 298982
ACC-044,Iris Miller,iris.miller@example.com,+44 7419 838862
ACC-117,Paul Lee,paul.lee@example.com,+44 7518 865319
ACC-339,Alice Brown,alice.brown@example.com,+44 7413 734085
ACC-029,Emma Taylor,emma.taylor@example.com,+44 7378 547757
ACC-284,Rosa White,rosa.white@example.com,+44 7487 616677
ACC-294,Bob Martin,bob.martin@example.com,+44 7614 594797
ACC-203,Nick Lee,nick.lee@example.com,+44 7286 394823
ACC-275,Tina Clark,tina.clark@example.com,+44 7568 695295
ACC-085,Iris Jones,iris.jones@example.com,+44 7359 449522
ACC-070,Grace Davis,grace.davis@example.com,+44 7455 700382
ACC-023,Sam Clark,sam.clark@example.com,+44 7532 727204
ACC-305,Jack Jones,jack.jones@example.com,+44 7770 116616
ACC-060,Tina Garcia,tina.garcia@example.com,+44 7403 861894
ACC-336,Hugo Lee,hugo.lee@example.com,+44 7141 441716
ACC-210,Hugo Anderson,hugo.anderson@example.com,+44 7276 851801
ACC-125,Paul Wilson,paul.wilson@example.com,+44 7905 467044
ACC-119,Tina Davis,tina.davis@example.com,+44 7364 329690
ACC-233,Iris Smith,iris.smith@example.com,+44 7383 739254
ACC-153,Felix Jones,felix.jones@example.com,+44 7777 440364
ACC-121,Sam Thompson,sam.thompson@example.com,+44 7264 919157
ACC-076,Bob Anderson,bob.anderson@example.com,+44 7206 287449
ACC-010,Alice White,alice.white@example.com,+44 7107 600729
ACC-120,Rosa Johnson,rosa.johnson@example.com,+44 7521 828871
ACC-006,Carlos Wilson,carlos.wilson@example.com,+44 7508 506033
ACC-208,Hugo Anderson,hugo.anderson@example.com,+44 7957 305998
ACC-115,Diana Johnson,diana.johnson@example.com,+44 7301 236046
ACC-157,Olivia Taylor,olivia.taylor@example.com,+44 7918 104614
ACC-309,Paul White,paul.white@example.com,+44 7782 575056
ACC-063,Rosa Jones,rosa.jones@example.com,+44 7960 100064
ACC-188,Nick Lee,nick.lee@example.com,+44 7934 612312
ACC-025,Rosa Williams,rosa.williams@example.com,+44 7672 659911
ACC-135,Diana Clark,diana.clark@example.com,+44 7866 365075
ACC-071,Paul Taylor,paul.taylor@example.com,+44 7160 856612
ACC-126,Rosa Miller,rosa.miller@example.com,+44 7957 644913
ACC-043,Maya Smith,maya.smith@example.com,+44 7259 225435
ACC-206,Carlos Williams,carlos.williams@example.com,+44 7687 364820
ACC-028,Bob Taylor,bob.taylor@example.com,+44 7420 386819
ACC-096,Iris Jackson,iris.jackson@example.com,+44 7909 599844
ACC-279,Sam Moore,sam.moore@example.com,+44 7613 678613
ACC-258,Paul Davis,paul.davis@example.com,+44 7682 251666
ACC-026,Quinn Clark,quinn.clark@example.com,+44 7589 172782
ACC-212,Emma Jones,emma.jones@example.com,+44 7107 891029
ACC-056,Carlos Wilson,carlos.wilson@example.com,+44 7383 145117
ACC-180,Hugo Martin,hugo.martin@example.com,+44 7618 689248
ACC-042,Grace Miller,grace.miller@example.com,+44 7904 499964
ACC-067,Tina Garcia,tina.garcia@example.com,+44 7849 813735
ACC-177,Sam Williams,sam.williams@example.com,+44 7979 575937
ACC-313,Paul Wilson,paul.wilson@example.com,+44 7279 320696
ACC-340,Quinn Taylor,quinn.taylor@example.com,+44 7209 920401
ACC-084,Hugo Wilson,hugo.wilson@example.com,+44 7177 815880
ACC-265,Maya Johnson,maya.johnson@example.com,+44 7621 535940
ACC-095,Leo Thompson,leo.thompson@example.com,+44 7310 470222
ACC-237,Maya Johnson,maya.johnson@example.com,+44 7890 500560
ACC-190,Rosa Smith,rosa.smith@example.com,+44 7519 404422
ACC-097,Bob Thomas,bob.thomas@example.com,+44 7793 968606
ACC-228,Quinn Davis,quinn.davis@example.com,+44 7704 281900
ACC-277,Sam Davis,sam.davis@example.com,+44 7942 204014
ACC-128,Tina Davis,tina.davis@example.com,+44 7709 324579
ACC-240,Leo Thomas,leo.thomas@example.com,+44 7106 122857
ACC-272,Rosa Anderson,rosa.anderson@example.com,+44 7450 258268
ACC-080,Leo Thomas,leo.thomas@example.com,+44 7994 713143
ACC-021,Diana Smith,diana.smith@example.com,+44 7659 289570
ACC-122,Bob Clark,bob.clark@example.com,+44 7610 865724
ACC-268,Tina Jones,tina.jones@example.com,+44 7500 659530
ACC-091,Felix Thompson,felix.thompson@example.com,+44 7103 678080
ACC-326,Diana Brown,diana.brown@example.com,+44 7533 686941
ACC-225,Quinn Lee,quinn.lee@example.com,+44 7634 283677
ACC-145,Paul Miller,paul.miller@example.com,+44 7678 190308
ACC-255,Hugo Moore,hugo.moore@example.com,+44 7523 746049
ACC-055,Jack Moore,jack.moore@example.com,+44 7609 307875
ACC-248,Bob Garcia,bob.garcia@example.com,+44 7541 296067
ACC-017,Alice Thomas,alice.thomas@example.com,+44 7414 251503
ACC-077,Emma Miller,emma.miller@example.com,+44 7507 529440
ACC-078,Paul Garcia,paul.garcia@example.com,+44 7413 561256
ACC-108,Emma Jackson,emma.jackson@example.com,+44 7833 302294
ACC-291,Emma Jackson,emma.jackson@example.com,+44 7485 873630
ACC-134,Grace Davis,grace.davis@example.com,+44 7461 442732
ACC-247,Diana Taylor,diana.taylor@example.com,+44 7546 750628
ACC-009,Felix Martin,felix.martin@example.com,+44 7187 482339
ACC-090,Maya Jones,maya.jones@example.com,+44 7938 746100
ACC-263,Paul Thomas,paul.thomas@example.com,+44 7332 981424
ACC-039,Paul Martin,paul.martin@example.com,+44 7814 226209
ACC-037,Alice Smith,alice.smith@example.com,+44 7131 747698
ACC-244,Grace White,grace.white@example.com,+44 7979 557510
ACC-298,Sam Taylor,sam.taylor@example.com,+44 7266 245488
ACC-133,Iris Anderson,iris.anderson@example.com,+44 7552 602148
ACC-036,Bob Williams,bob.williams@example.com,+44 7746 212811
ACC-243,Karen Anderson,karen.anderson@example.com,+44 7893 280242
ACC-127,Quinn Johnson,quinn.johnson@example.com,+44 7658 662980
ACC-049,Maya Davis,maya.davis@example.com,+44 7971 400584
ACC-316,Alice Davis,alice.davis@example.com,+44 7262 506323
ACC-089,Karen Jackson,karen.jackson@example.com,+44 7233 142843
ACC-345,Karen Jackson,karen.jackson@example.com,+44 7788 796464
ACC-342,Iris Harris,iris.harris@example.com,+44 7278 265446
ACC-072,Jack Harris,jack.harris@example.com,+44 7656 398692
ACC-306,Tina Johnson,tina.johnson@example.com,+44 7305 536841
ACC-200,Paul Jones,paul.jones@example.com,+44 7530 428818
ACC-024,Karen Wilson,karen.wilson@example.com,+44 7319 917139
ACC-048,Jack Anderson,jack.anderson@example.com,+44 7845 947567
ACC-328,Emma Brown,emma.brown@example.com,+44 7610 964031
ACC-152,Hugo Davis,hugo.davis@example.com,+44 7944 186265
ACC-324,Alice Lee,alice.lee@example.com,+44 7845 113000
ACC-058,Karen Jones,karen.jones@example.com,+44 7223 460780
ACC-289,Hugo Moore,hugo.moore@example.com,+44 7823 178849
